"guid","label"
"urn:uuid:c3620a97-65d6-4f9c-8a03-32e0d240a423","Information Element ActedUpon dwc:countryCode"
"urn:uuid:30db5994-81fa-4684-ac54-cfc226209d27","Information Element ActedUpon dwc:country"
"urn:uuid:8fe0d938-7aa4-40a2-87b7-5bd7e9727e95","Information Element ActedUpon dwc:phylum"
"urn:uuid:06adabf0-e6d4-4f99-819f-7dd38c796617","Information Element ActedUpon dwc:minimumDepthInMeters, dwc:maximumDepthInMeters"
"urn:uuid:e4f1fc86-c84d-4e92-9cf2-5250f243b371","Information Element ActedUpon dwc:dateIdentified"
"urn:uuid:c3987992-230d-4c2e-816c-5b72d98218eb","Information Element ActedUpon dwc:family"
"urn:uuid:bda769d4-d876-4bd0-8026-89bed5aad0eb","Information Element ActedUpon dwc:decimalLongitude"
"urn:uuid:cccfdbf6-f3b5-4c1e-a7fa-e059a9c416cd","Information Element Consulted bdq:AllValidationTestsRunOnSingleRecord"
"urn:uuid:10a04e3b-9254-49b6-8095-166179cd3707","Information Element ActedUpon dwc:decimalLatitude, dwc:decimalLongitude, dwc:geodeticDatum"
"urn:uuid:2ad22c2b-cebb-4924-b0e4-b36c64535010","Information Element Consulted dwc:verbatimCoordinates, dwc:verbatimLatitude, dwc:verbatimLongitude, dwc:verbatimCoordinateSystem, dwc:verbatimSRS"
"urn:uuid:e8c9ef54-af43-4c20-98a8-a7865cc169ac","Information Element ActedUpon dwc:eventDate"
"urn:uuid:5f20c136-8d20-46c7-8702-6eb7cc50e1a2","Information Element ActedUpon dwc:eventDate"
"urn:uuid:d3daaab7-b042-4dc7-a92f-77f19988f351","Information Element ActedUpon dcterms:license"
"urn:uuid:af5393af-6a71-4e39-aa70-7609ee10d1d0","Information Element ActedUpon dwc:minimumElevationInMeters"
"urn:uuid:033157e4-b8c3-466b-ba9a-38bc9b3ad86d","Information Element ActedUpon dwc:higherGeographyID, dwc:higherGeography, dwc:continent, dwc:country, dwc:countryCode, dwc:stateProvince, dwc:county, dwc:municipality, dwc:waterBody, dwc:island, dwc:islandGroup, dwc:locality, dwc:locationID, dwc:verbatimLocality, dwc:decimalLatitude, dwc:decimalLongitude, dwc:verbatimCoordinates, dwc:verbatimLatitude, dwc:verbatimLongitude, dwc:footprintWKT"
"urn:uuid:2aee4d8d-4064-41ca-b67f-d5f591b41526","Information Element ActedUpon dc:type"
"urn:uuid:f33813c9-7e4d-4742-8b75-c05e075383be","Information Element ActedUpon dwc:country"
"urn:uuid:627a0c7f-9c5d-49ba-a3d1-1c8250cf1d0a","Information Element ActedUpon dwc:scientificName"
"urn:uuid:c25c5737-ece9-4b6d-a5f2-6e661d35c325","Information Element ActedUpon dwc:occurrenceID"
"urn:uuid:c6f6fa6a-d9a0-4591-ba85-a09095bb6b3f","Information Element ActedUpon dwc:countryCode"
"urn:uuid:fb8a2da5-dbda-43e7-9116-3fcaede12985","Information Element ActedUpon dwc:year"
"urn:uuid:6f6a46c6-9979-41a2-83c2-fd196e89c8c1","Information Element ActedUpon dwc:countryCode, dwc:decimalLatitude, dwc:decimalLongitude"
"urn:uuid:328124cc-fa45-495a-9c39-b7b5d9aa79c5","Information Element Consulted dwc:scientificName"
"urn:uuid:9d387033-c581-4fb5-9af2-73ec89c99e77","Information Element ActedUpon dwc:decimalLatitude, dwc:decimalLongitude"
"urn:uuid:73513536-e916-4290-800a-c2daf8932e28","Information Element Consulted dwc:eventDate"
"urn:uuid:d95b6eba-3274-4ad5-bb18-357166a64b12","Information Element ActedUpon dwc:year, dwc:month, dwc:day, dwc:startDayOfYear, dwc:endDayOfYear"
"urn:uuid:5e92b3cb-0db2-4ead-99f3-01af0a42b2a9","Information Element ActedUpon dwc:decimalLatitude, dwc:decimalLongitude"
"urn:uuid:d24a7b73-972a-4fdd-a790-91acb5fcf725","Information Element Consulted dwc:countryCode"
"urn:uuid:200f1e3e-f188-4921-9c95-95749b9f91b2","Information Element ActedUpon dwc:minimumDepthInMeters, dwc:maximumDepthInMeters"
"urn:uuid:6ce80718-30e4-4458-beb3-6b03d30f66ed","Information Element Consulted dwc:verbatimDepth"
"urn:uuid:de507979-dc94-4cb9-9c87-9d33972f4a4e","Information Element ActedUpon dwc:stateProvince, dwc:decimalLatitude, dwc:decimalLongitude"
"urn:uuid:3d755ac9-e1ff-405e-b076-6a8fbbd5a804","Information Element Consulted dwc:taxonID, dwc:acceptedNameUsageID, dwc:originalNameUsageID, dwc:taxonConceptID, dwc:scientificName, dwc:higherClassification, dwc:kingdom, dwc:phylum, dwc:class, dwc:order, dwc:superfamily, dwc:family, dwc:subfamily, dwc:tribe, dwc:subtribe, dwc:genus, dwc:genericName, dwc:subgenus, dwc:specificEpithet, dwc:infraspecificEpithet, dwc:cultivarEpithet, dwc:vernacularName, dwc:scientificNameAuthorship, dwc:taxonRank"
"urn:uuid:92a6c199-f1d7-493e-b643-57d09c5131dd","Information Element ActedUpon dwc:scientificNameID"
"urn:uuid:2c09df64-3803-4834-a6e9-30ba80f8eac8","Information Element ActedUpon dwc:basisOfRecord"
"urn:uuid:2d1e1a48-f915-4db5-beba-ae73017f3f8b","Information Element ActedUpon dwc:geodeticDatum"
"urn:uuid:9e9a3cd4-4f7c-49e1-9952-548ee0ecedcc","Information Element ActedUpon dwc:geodeticDatum"
"urn:uuid:23ec5198-60cc-4507-b036-fcd9b8269a0d","Information Element ActedUpon dwc:eventDate"
"urn:uuid:9cada38d-ed7c-485d-8b9b-ea57e4124253","Information Element ActedUpon dwc:country, dwc:countryCode"
"urn:uuid:f65a184d-5bec-452a-8b2c-000a2fde6f82","Information Element ActedUpon dwc:basisOfRecord"
"urn:uuid:20adf696-9785-46a8-ba4e-d0aaaad100ef","Information Element ActedUpon dwc:eventDate"
"urn:uuid:fbbdd989-9249-4cee-8895-c50e8f65157a","Information Element ActedUpon dwc:eventDate, dwc:day, dwc:month, dwc:year, dwc:startDayOfYear, dwc:endDayOfYear"
"urn:uuid:0c598386-f49e-40b3-bbcc-b217e7d2b449","Information Element Consulted dwc:verbatimElevation"
"urn:uuid:3d5994c8-29df-4399-965c-c2c596a6767f","Information Element ActedUpon dwc:minimumElevationInMeters, dwc:maximumElevationInMeters"
"urn:uuid:292c784f-80c4-45f7-a13b-98810f9533eb","Information Element ActedUpon dwc:dateIdentified"
"urn:uuid:14496496-1aef-4fae-9468-9b9b158b8827","Information Element ActedUpon dwc:taxonID, dwc:scientificName, dwc:scientificNameID, dwc:acceptedNameUsageID, dwc:originalNameUsageID, dwc:taxonConceptID, dwc:higherClassification, dwc:kingdom, dwc:phylum, dwc:class, dwc:order, dwc:superfamily, dwc:family, dwc:subfamily, dwc:tribe, dwc:subtribe, dwc:genus, dwc:genericName, dwc:subgenus, dwc:infragenericEpithet, dwc:specificEpithet, dwc:infraspecificEpithet, dwc:cultivarEpithet, dwc:vernacularName, dwc:scientificNameAuthorship, dwc:taxonRank"
"urn:uuid:3d82cf1d-7f1e-4844-aa69-013009b7e514","Information Element Consulted dwc:scientificNameID"
"urn:uuid:d3c205d5-0099-40d4-9345-b932eaeec0c3","Information Element ActedUpon dwc:scientificName"
"urn:uuid:8c10d361-5bf7-4c9d-8464-c813cdf7dda3","Information Element ActedUpon dwc:dataGeneralizations"
"urn:uuid:b03dfdcb-95ff-49ca-92bf-be0c489b6913","Information Element ActedUpon dwc:countryCode, dwc:decimalLatitude, dwc:decimalLongitude"
"urn:uuid:2c32cfc9-66d2-4512-9ebb-b3253c7b5dd5","Information Element Consulted dwc:individualCount, dwc:organismQuantity"
"urn:uuid:e251108c-ae49-46fa-b5db-d955fd0f4fa4","Information Element ActedUpon dwc:occurrenceStatus"
"urn:uuid:5952edde-a17a-4066-950e-9b2ec44396f3","Information Element ActedUpon dwc:dateIdentified"
"urn:uuid:b74a5cc3-26c3-4613-9c2c-1df73477f769","Information Element Consulted dwc:eventDate"
"urn:uuid:5b155af3-2ce0-432e-ab10-2e21d6ccd32a","Information Element ActedUpon dwc:class"
"urn:uuid:ee2d10d9-f54a-447c-9809-9c9a77d7fb81","Information Element ActedUpon dwc:geodeticDatum"
"urn:uuid:e7528e9b-e4d8-42bf-b6e1-169587ca69b8","Information Element ActedUpon dwc:decimalLatitude"
"urn:uuid:b856f48c-bf6f-4637-b8de-37d379831801","Information Element ActedUpon dwc:kingdom"
"urn:uuid:e2c72838-379e-455f-a668-76efed1fd8be","Information Element ActedUpon dwc:scientificName"
"urn:uuid:b1b7b96f-79c7-414e-998f-4e31c23b6dec","Information Element ActedUpon dwc:order"
"urn:uuid:ba329a30-e16f-4e70-b58f-b0ff0796c32c","Information Element ActedUpon dwc:year"
"urn:uuid:1566935f-4ec6-42bd-b4d9-0bea9dcea626","Information Element ActedUpon dwc:eventDate"
"urn:uuid:697cf278-3c46-48f4-84ab-385a7cd9db3c","Information Element Consulted dwc:verbatimEventDate"
"urn:uuid:9eb71daa-6832-4fb4-a6e1-8a0bc19f402e","Information Element ActedUpon dwc:decimalLatitude, dwc:decimalLongitude"
"urn:uuid:9467c6f2-761f-40fd-b738-530f0fc9b597","Information Element ActedUpon dwc:eventDate, dwc:year, dwc:month, dwc:day, dwc:startDayOfYear, dwc:endDayOfYear, dwc:verbatimEventDate"
"urn:uuid:2c6643b1-79c1-425c-b5c9-697215c993ed","Information Element ActedUpon dc:type"
"urn:uuid:05f8a834-4582-4d50-8ac6-2bd766c3ae28","Information Element Consulted dwc:year, dwc:month, dwc:day"
"urn:uuid:b0a5e98c-5175-490c-b6db-757bed18775a","Information Element ActedUpon dwc:eventDate"
"urn:uuid:09023be7-9359-48a8-873b-3e65d43427ba","Information Element ActedUpon dwc:establishmentMeans"
"urn:uuid:2aa64afc-f3f3-4d30-a02c-28ed2298f7b8","Information Element ActedUpon dwc:decimalLongitude"
"urn:uuid:a14b663c-fbdb-4be2-a484-baa171cc20d9","Information Element ActedUpon dwc:countryCode"
"urn:uuid:3a2f01ca-0c58-4971-a559-bcdafca89926","Information Element ActedUpon dcterms:license"
"urn:uuid:a06d69d9-50ae-4d95-977c-73e926be4883","Information Element ActedUpon dwc:scientificName, dwc:genericName, dwc:specificEpithet, dwc:infraspecificEpithet"
"urn:uuid:9e2a587e-a505-4f5f-9cb4-30625d184e17","Information Element ActedUpon dwc:geodeticDatum, dwc:coordinateUncertaintyInMeters, dwc:decimalLatitude, dwc:decimalLongitude"
"urn:uuid:73e942ae-f6fa-4a43-a135-3b0afc0a3d37","Information Element ActedUpon dc:type"
"urn:uuid:0566561f-8909-4ceb-90f9-4cdbbe10aa87","Information Element ActedUpon dwc:basisOfRecord"
"urn:uuid:d6aed829-5a37-4d2c-9acd-18dc3d020116","Information Element ActedUpon dwc:taxonID, dwc:scientificNameID, dwc:acceptedNameUsageID, dwc:parentNameUsageID, dwc:originalNameUsageID, dwc:taxonConceptID, dwc:scientificName, dwc:higherClassification, dwc:kingdom, dwc:phylum, dwc:class, dwc:order, dwc:superfamily, dwc:family, dwc:subfamily, dwc:tribe, dwc:subtribe, dwc:genus, dwc:genericName, dwc:subgenus, dwc:infragenericEpithet, dwc:specificEpithet, dwc:infraspecificEpithet, dwc:vernacularName, dwc:cultivarEpithet"
"urn:uuid:fc3cb031-4e35-4b08-b9b8-b7ca7d5efd27","Information Element ActedUpon dwc:minimumDepthInMeters"
"urn:uuid:083c1f6d-80e3-4a17-9be6-e0d798e321d7","Information Element ActedUpon dwc:minimumElevationInMeters, dwc:maximumElevationInMeters"
"urn:uuid:53bfecf4-0d88-49a2-8f12-672345ef4f50","Information Element ActedUpon dwc:coordinateUncertaintyInMeters"
"urn:uuid:d06be5a2-809e-4b7a-9f4b-6ba1e6951d36","Information Element ActedUpon dwc:maximumElevationInMeters"
"urn:uuid:625baffc-d4dd-421d-a589-607c4b067725","Information Element ActedUpon dwc:occurrenceStatus"
"urn:uuid:65811e50-c74e-4fd0-9d2c-e278cd3c076d","Information Element ActedUpon dwc:occurrenceStatus"
"urn:uuid:6583b2a1-f8f6-4abd-8afa-eb65f56a60bb","Information Element ActedUpon dwc:occurrenceStatus"
"urn:uuid:f167d21b-dc3c-487c-a8d3-fc116c0158af","Information Element ActedUpon dwc:decimalLatitude"
"urn:uuid:60676d6c-d0fd-4671-a1b4-e0ec93e01dd6","Information Element ActedUpon dwc:scientificNameID"
"urn:uuid:6417eb42-b07d-4b42-9a6a-13c592aeb5ea","Information Element ActedUpon dwc:genus"
"urn:uuid:15c13417-6f82-4595-ad4b-992b30d5e41c","Information Element ActedUpon dwc:kingdom, dwc:phylum, dwc:class, dwc:order, dwc:superfamily, dwc:family, dwc:subfamily, dwc:tribe, dwc:subtribe, dwc:genus"
"urn:uuid:3b27257d-cfe4-4e47-8352-1bc4bad44ad4","Information Element ActedUpon dwc:day, dwc:month, dwc:year"
"urn:uuid:a16e8cb6-dbf5-44a9-becc-8bef83a37456","Information Element ActedUpon dwc:month"
"urn:uuid:d7853c0b-2e3a-4bbf-89c6-89123ca626bf","Information Element ActedUpon dwc:day"
"urn:uuid:84413828-448c-4365-b718-68b6cd2582e3","Information Element ActedUpon dwc:month"
"urn:uuid:0e2d46bd-2a54-4fb6-8fec-08bdaa8a8473","Information Element Consulted dwc:eventDate"
"urn:uuid:83d00e4e-6359-4545-87fc-94b080f46ead","Information Element ActedUpon dwc:startDayOfYear"
"urn:uuid:45b3c339-ef67-40bc-ae8a-b306a4aaf9ea","Information Element Consulted dwc:eventDate"
"urn:uuid:ef8f4379-6691-4cb9-b606-ca445f9fb060","Information Element ActedUpon dwc:endDayOfYear"
"urn:uuid:a7362af8-77a9-45c3-8520-1a12b8b31804","Information Element Consulted dwc:year, dwc:startDayOfYear, dwc:endDayOfYear"
"urn:uuid:fbb8e4f9-c7b9-488e-85c1-ecf09777e15d","Information Element ActedUpon dwc:eventDate"
"urn:uuid:f49f3598-9b07-4738-8d29-af9a82533d37","Information Element ActedUpon dcterms:license"
"urn:uuid:9aba9931-dc51-4be6-844c-9019c54e9826","Information Element Consulted bdq:AllValidationTestsRunOnSingleRecord"
"urn:uuid:ad56baf1-9296-4bb9-a67d-11e42804e9b3","Information Element Consulted bdq:AllValidationTestsRunOnSingleRecord"
"urn:uuid:01ca88b7-b1e1-44cd-abbd-1c6d148254bb","Information Element ActedUpon dwc:eventDate"
"urn:uuid:695d4bac-ee30-4a5d-8ef0-fd2fdf8767af","Information Element ActedUpon dwc:day"
"urn:uuid:72421b97-1e66-4429-88d8-cbe647a4c88e","Information Element ActedUpon dwc:taxonRank"
"urn:uuid:840dab40-2497-44ea-8472-dd97c9d0c1c0","Information Element ActedUpon dwc:taxonRank"
"urn:uuid:c2aac0ac-723c-4495-8f1c-87746d1cb39a","Information Element ActedUpon dwc:taxonRank"
"urn:uuid:ced8854b-d1ce-4d71-9b77-e5d67a74c4f9","Information Element ActedUpon dwc:maximumDepthInMeters"
"urn:uuid:0e6f3880-8203-445f-9bff-f44f52120abe","Information Element ActedUpon dwc:stateProvince"
"urn:uuid:63ee37ac-d0ae-4578-82f8-7a956d92baf0","Information Element ActedUpon dwc:country, dwc:stateProvince"
"urn:uuid:a3ff76f2-0620-4b83-9bb2-0d84a8f9cac2","Information Element ActedUpon dwc:scientificNameID"
"urn:uuid:4763d10c-49d6-48c2-9453-8aca044e0816","Information Element ActedUpon dwc:kingdom"
"urn:uuid:ebc1be91-f017-4b18-abdb-0c4a1fbb9a0c","Information Element ActedUpon dwc:scientificNameAuthorship"
"urn:uuid:eb155979-58ca-4429-989d-8475e15fdcc6","Information Element ActedUpon dwc:namePublishedInYear"
"urn:uuid:75f2e0fd-7496-4f9e-b4c1-896eb0ae5a52","Information Element ActedUpon dwc:establishmentMeans"
"urn:uuid:8798ebb2-9599-4322-a2c3-d5f0672b5f3b","Information Element ActedUpon dwc:establishmentMeans"
"urn:uuid:c5abcb06-a1d0-4ed5-9513-c04c194293e6","Information Element ActedUpon dwc:degreeOfEstablishment"
"urn:uuid:e08c00da-2c0e-4a4d-9843-b8289bfbb6e5","Information Element ActedUpon dwc:degreeOfEstablishment"
"urn:uuid:f3141ff8-76fa-4953-9c6c-9300816358cc","Information Element ActedUpon dwc:pathway"
"urn:uuid:501cff3c-9558-4a0e-827a-2985ba53dfc7","Information Element ActedUpon dwc:pathway"
"urn:uuid:81029ffa-2df8-4e9e-a7dd-fc67faad9205","Information Element ActedUpon dwc:sex"
"urn:uuid:f4a0a2ea-fb5f-464f-837c-fb7fcbe51d5d","Information Element ActedUpon dwc:sex"
"urn:uuid:63b75539-9290-4ce4-86e3-938bc924e3cd","Information Element ActedUpon dwc:typeStatus"
"urn:uuid:d2f00f20-d194-4a9a-9b0f-74c144ab87b3","Information Element ActedUpon dwc:typeStatus"
"urn:uuid:5be9ff68-1232-4f09-a3ef-5d78ccdecf8c","Information Element Consulted dwc:coordinateUncertaintyInMeters"
"urn:uuid:6e8dc68d-e86d-4920-ad50-55ac0ab9b762","Information Element ActedUpon dwc:countryCode, dwc:decimalLatitude, dwc:decimalLongitude"
"urn:uuid:fb80d5bf-7777-4d88-b09f-116a38ab7bfa","Information Element ActedUpon bdq:VALIDATION_COUNTRYCODE_STANDARD.Response"
"urn:uuid:4d7d45ed-da78-44b0-8e93-e8c0423aa4a9","Information Element ActedUpon bdq:VALIDATION_COUNTRY_FOUND.Response"
"urn:uuid:6fa9dcd8-4e43-4fc7-acb6-1aff70e87f51","Information Element ActedUpon bdq:VALIDATION_PHYLUM_FOUND.Response"
"urn:uuid:72ac3c31-cddf-4fcf-bb6d-2d10b6a1a18e","Information Element ActedUpon bdq:VALIDATION_MINDEPTH_LESSTHAN_MAXDEPTH.Response"
"urn:uuid:53ba0552-5eb5-4317-a5e7-dcaee30608b1","Information Element ActedUpon bdq:VALIDATION_FAMILY_FOUND.Response"
"urn:uuid:4328982c-cc3a-422e-9ac6-45cd7bc54f2c","Information Element ActedUpon bdq:VALIDATION_DECIMALLONGITUDE_INRANGE.Response"
"urn:uuid:de36737d-3d44-4b90-b79e-754df1db1f8a","Information Element ActedUpon bdq:VALIDATION_EVENTDATE_NOTEMPTY.Response"
"urn:uuid:53b35bee-878a-4142-954b-92c03865a63c","Information Element ActedUpon bdq:VALIDATION_EVENTDATE_INRANGE.Response"
"urn:uuid:cbb53f33-ddc6-444c-b2f1-c06bb6759225","Information Element ActedUpon bdq:VALIDATION_LICENSE_STANDARD.Response"
"urn:uuid:5cdd4160-7979-4e15-be8f-c8e3cc88e472","Information Element ActedUpon bdq:VALIDATION_MINELEVATION_INRANGE.Response"
"urn:uuid:fd9bc73a-2b67-4940-ac2a-ad1dda03d0b7","Information Element ActedUpon bdq:VALIDATION_LOCATION_NOTEMPTY.Response"
"urn:uuid:545ce7c8-64e1-463e-a578-be2580d7d3c5","Information Element ActedUpon bdq:VALIDATION_COUNTRY_NOTEMPTY.Response"
"urn:uuid:9400633f-3e7a-4fbf-819e-8e2a0772494e","Information Element ActedUpon bdq:VALIDATION_SCIENTIFICNAME_FOUND.Response"
"urn:uuid:c1f3287b-beca-49d7-b2e6-3e6de75ae598","Information Element ActedUpon bdq:VALIDATION_OCCURRENCEID_NOTEMPTY.Response"
"urn:uuid:189a1e19-a50d-492d-87e1-27338d16883b","Information Element ActedUpon bdq:VALIDATION_YEAR_NOTEMPTY.Response"
"urn:uuid:fb262b9b-a67b-45f9-92eb-fbcf58c72b0f","Information Element ActedUpon bdq:VALIDATION_COORDINATESCOUNTRYCODE_CONSISTENT.Response"
"urn:uuid:351049a9-bc84-42f6-af70-493e2e063153","Information Element ActedUpon bdq:VALIDATION_COORDINATESTERRESTRIALMARINE_CONSISTENT.Response"
"urn:uuid:463c35d2-41c0-4e68-af22-4bb4c200b376","Information Element ActedUpon bdq:VALIDATION_COORDINATESSTATEPROVINCE_CONSISTENT.Response"
"urn:uuid:b90492ed-90da-4552-8ac0-e18e71db9d86","Information Element ActedUpon bdq:VALIDATION_BASISOFRECORD_NOTEMPTY.Response"
"urn:uuid:32f5c5c1-ec68-462a-8f73-f54c5236c0d1","Information Element ActedUpon bdq:VALIDATION_GEODETICDATUM_STANDARD.Response"
"urn:uuid:f4cf2376-f816-4184-bc70-0df700bcc1eb","Information Element ActedUpon bdq:VALIDATION_COUNTRYCOUNTRYCODE_CONSISTENT.Response"
"urn:uuid:b9dd90bd-0f4d-403d-b24e-8aed6c157946","Information Element ActedUpon bdq:VALIDATION_EVENTDATE_STANDARD.Response"
"urn:uuid:c2949d73-f230-443b-a9c4-16af595f09a3","Information Element ActedUpon bdq:VALIDATION_EVENT_CONSISTENT.Response"
"urn:uuid:bbb2cdf1-1565-48b9-8d6c-f5cee70a6e56","Information Element ActedUpon bdq:VALIDATION_DATEIDENTIFIED_STANDARD.Response"
"urn:uuid:993087b8-ab86-4f3a-b9aa-bde018b406b3","Information Element ActedUpon bdq:VALIDATION_TAXON_UNAMBIGUOUS.Response"
"urn:uuid:ba87601b-dcc0-424d-973d-3869f35586d0","Information Element ActedUpon bdq:VALIDATION_DATEIDENTIFIED_INRANGE.Response"
"urn:uuid:75264e67-1247-494f-bbc2-4355e5ea8246","Information Element ActedUpon bdq:VALIDATION_CLASS_FOUND.Response"
"urn:uuid:01835b18-0e6a-4947-a3e7-a39daec2061f","Information Element ActedUpon bdq:VALIDATION_GEODETICDATUM_NOTEMPTY.Response"
"urn:uuid:f3a092ed-b307-4aa7-a308-a6de8f29f91c","Information Element ActedUpon bdq:VALIDATION_DECIMALLATITUDE_INRANGE.Response"
"urn:uuid:52c61f29-f440-4a97-888c-89bf4f1f143c","Information Element ActedUpon bdq:VALIDATION_KINGDOM_FOUND.Response"
"urn:uuid:0938b920-e3f0-4b1b-8e82-3bb2bcb26ad9","Information Element ActedUpon bdq:VALIDATION_SCIENTIFICNAME_NOTEMPTY.Response"
"urn:uuid:9f20b037-e607-47ce-8b54-c46fc6c83407","Information Element ActedUpon bdq:VALIDATION_ORDER_FOUND.Response"
"urn:uuid:904e3e78-82d3-4d8a-90db-2be4bead51cc","Information Element ActedUpon bdq:VALIDATION_YEAR_INRANGE.Response"
"urn:uuid:0dd0bc56-a3c4-4a11-bde2-8051b8944ead","Information Element ActedUpon bdq:VALIDATION_COORDINATES_NOTZERO.Response"
"urn:uuid:b6c0e87e-4b9a-4f6b-bbaf-9cf23b02ddee","Information Element ActedUpon bdq:VALIDATION_EVENTTEMPORAL_NOTEMPTY.Response"
"urn:uuid:3c6be17f-a7fc-4449-9d91-a528d012f415","Information Element ActedUpon bdq:VALIDATION_DCTYPE_STANDARD.Response"
"urn:uuid:72a0dee0-ad16-4a3c-8045-c79c54f6193e","Information Element ActedUpon bdq:VALIDATION_DECIMALLONGITUDE_NOTEMPTY.Response"
"urn:uuid:67e7259e-3421-4f5d-a31d-a92ce73d0baa","Information Element ActedUpon bdq:VALIDATION_COUNTRYCODE_NOTEMPTY.Response"
"urn:uuid:893e5d1d-d9e1-49d6-8b17-337b87419ae6","Information Element ActedUpon bdq:VALIDATION_LICENSE_NOTEMPTY.Response"
"urn:uuid:54ae4594-8bf0-47b5-9977-49c73ce10a74","Information Element ActedUpon bdq:VALIDATION_POLYNOMIAL_CONSISTENT.Response"
"urn:uuid:ed140634-27d9-474a-b107-279caf1b9e55","Information Element ActedUpon bdq:VALIDATION_DCTYPE_NOTEMPTY.Response"
"urn:uuid:fe9787e7-d5e8-4c40-a980-631686b3d16d","Information Element ActedUpon bdq:VALIDATION_BASISOFRECORD_STANDARD.Response"
"urn:uuid:2c68f3a2-539a-43bf-99b2-972c98a90b68","Information Element ActedUpon bdq:VALIDATION_TAXON_NOTEMPTY.Response"
"urn:uuid:78d4bba2-ea16-42a4-a45d-c28cea71a2dc","Information Element ActedUpon bdq:VALIDATION_MINDEPTH_INRANGE.Response"
"urn:uuid:f379c9b1-f432-4a29-9e5f-8c8ad012aa38","Information Element ActedUpon bdq:VALIDATION_MINELEVATION_LESSTHAN_MAXELEVATION.Response"
"urn:uuid:e96e00be-9b67-42df-a914-4873e05f9a34","Information Element ActedUpon bdq:VALIDATION_COORDINATEUNCERTAINTY_INRANGE.Response"
"urn:uuid:5079eace-ec39-4d44-b4ce-7894854b9eed","Information Element ActedUpon bdq:VALIDATION_MAXELEVATION_INRANGE.Response"
"urn:uuid:3f67a77a-85c0-495d-948a-5ea0dec89ec7","Information Element ActedUpon bdq:VALIDATION_OCCURRENCESTATUS_STANDARD.Response"
"urn:uuid:47b2efa0-bf97-45be-b133-f14cfc73ace5","Information Element ActedUpon bdq:VALIDATION_OCCURRENCESTATUS_NOTEMPTY.Response"
"urn:uuid:66a62ee2-d3be-4370-a42b-6d488b5c9b84","Information Element ActedUpon bdq:VALIDATION_DECIMALLATITUDE_NOTEMPTY.Response"
"urn:uuid:05d4f647-0387-4e37-883f-810840711e6d","Information Element ActedUpon bdq:VALIDATION_SCIENTIFICNAMEID_NOTEMPTY.Response"
"urn:uuid:de43b1ab-4e58-4510-97cf-c4c84e04c9bd","Information Element ActedUpon bdq:VALIDATION_GENUS_FOUND.Response"
"urn:uuid:264375b3-9ecd-4a3e-bad2-e74fbab0dcf4","Information Element ActedUpon bdq:VALIDATION_CLASSIFICATION_CONSISTENT.Response"
"urn:uuid:3acc77f6-1bbc-46b7-9aee-f75af5537d2a","Information Element ActedUpon bdq:VALIDATION_DAY_INRANGE.Response"
"urn:uuid:5a033f48-4b60-4241-b5c3-4a7cb8de33f2","Information Element ActedUpon bdq:VALIDATION_MONTH_STANDARD.Response"
"urn:uuid:528771e2-c865-45d4-8fcb-765e502be2b8","Information Element ActedUpon bdq:VALIDATION_STARTDAYOFYEAR_INRANGE.Response"
"urn:uuid:dda8a095-0878-4b93-8a55-9b95f1700dae","Information Element ActedUpon bdq:VALIDATION_ENDDAYOFYEAR_INRANGE.Response"
"urn:uuid:9a0e0a79-fe93-4270-943f-30662eb60e72","Information Element ActedUpon bdq:VALIDATION_DAY_STANDARD.Response"
"urn:uuid:2e560d7e-864c-4d72-9cac-0bafbe1bbeea","Information Element ActedUpon bdq:VALIDATION_TAXONRANK_NOTEMPTY.Response"
"urn:uuid:90508628-7333-4e71-b191-d1a0e0d431e6","Information Element ActedUpon bdq:VALIDATION_TAXONRANK_STANDARD.Response"
"urn:uuid:3a4ce2f7-01a4-4a60-8dd3-2be0ac41cdf0","Information Element ActedUpon bdq:VALIDATION_MAXDEPTH_INRANGE.Response"
"urn:uuid:03715043-0512-48a0-a1ac-45e6e2043a44","Information Element ActedUpon bdq:VALIDATION_STATEPROVINCE_FOUND.Response"
"urn:uuid:fd67021a-c835-495c-a45c-832da0d37c2f","Information Element ActedUpon bdq:VALIDATION_COUNTRYSTATEPROVINCE_UNAMBIGUOUS.Response"
"urn:uuid:951358d6-b8f5-42e0-a089-42bb2ecfa79b","Information Element ActedUpon bdq:VALIDATION_SCIENTIFICNAMEID_COMPLETE.Response"
"urn:uuid:8a63ca58-36c5-45d8-9d4c-7f0fd476d87c","Information Element ActedUpon bdq:VALIDATION_KINGDOM_NOTEMPTY.Response"
"urn:uuid:2c7b6527-0918-401b-b679-cf3f0819ce9e","Information Element ActedUpon bdq:VALIDATION_SCIENTIFICNAMEAUTHORSHIP_NOTEMPTY.Response"
"urn:uuid:59de7103-5a68-4fa2-8d9a-fe89256b4cab","Information Element ActedUpon bdq:VALIDATION_NAMEPUBLISHEDINYEAR_NOTEMPTY.Response"
"urn:uuid:4d7d3e60-8242-48be-ab51-cfd40fe3b8e9","Information Element ActedUpon bdq:VALIDATION_ESTABLISHMENTMEANS_STANDARD.Response"
"urn:uuid:3ea77d56-e4b4-45b2-88d7-c6ab7c1d0f36","Information Element ActedUpon bdq:VALIDATION_DEGREEOFESTABLISHMENT_STANDARD.Response"
"urn:uuid:79c96804-409c-44a5-bd7d-f149a7c0805e","Information Element ActedUpon bdq:VALIDATION_PATHWAY_STANDARD.Response"
"urn:uuid:c449482f-64cd-4152-a434-3492ebdd4401","Information Element ActedUpon bdq:VALIDATION_SEX_STANDARD.Response"
"urn:uuid:521ea0c6-8eb7-4d41-b1b6-40bbf1b2651e","Information Element ActedUpon bdq:VALIDATION_TYPESTATUS_STANDARD.Response"
